Category,Count
Unknown,103
sl8.online,18
lobstr.co,5
publicnode.org,4
bd-trust.org,4
whalestack.com,3
stellar.blockdaemon.com,3
schunk.net,3
www.stellar.org,3
satoshipay.io,3
stellar.btftransferservices.com,3
stellar.senseinode.com,3
stellar.scifecap.com,3
www.franklintempleton.com,3
xycloo.com,3
stellar.creit.tech,3
skyhitz.io,3
lightsail.network,3
stakeway.com,3
script3.io,3
stellar.blocktimefinancial.com,3
stellar.withobsrvr.com,3
lumenswap.io,1
validator.stellar.expert,1
fchain.io,1
jaws.com,1
